{
    "offerBanner": {
      "text": "You can enjoy additional 5% discount on your order!",
      "buttonText": "Become a Premium member"        
  },
    "orderSection": {
      "title": "Order History",
      "items": [
        {
          "productId": "001",
          "productName": "The Sprinters",
          "caption": "Lightweight running shoes",
          "description": "",
          "price": "$80",
          "discountPrice": "$60",
          "images": 
            {
              "imageSrc": "https://images.unsplash.com/photo-1463100099107-aa0980c362e6?ixlib=rb-1.2.1&ixid=MnwxMjA3fDB8MHxzZWFyY2h8MjB8fHNob2VzfGVufDB8fDB8fA%3D%3D&auto=format&fit=crop&w=500&q=60",
              "imageAltText": ""
            }
          ,
          "status": "Delivered",
          "orderdescription": "On Sun, June 4",
          "category": "Shoes",
          "subcategory": "Running Shoes",
          "quantity": 2
        },
        {
          "productId": "002",
          "productName": "The Sprinters",
          "caption": "Lightweight running shoes",
          "description": "",
          "price": "$80",
          "discountPrice": "$60",
          "shipingtype": "Free Shiping",
          "images": 
            {
              "imageSrc": "https://images.unsplash.com/photo-1463100099107-aa0980c362e6?ixlib=rb-1.2.1&ixid=MnwxMjA3fDB8MHxzZWFyY2h8MjB8fHNob2VzfGVufDB8fDB8fA%3D%3D&auto=format&fit=crop&w=500&q=60",
              "imageAltText": ""
            }
          ,
          "category": "Shoes",
          "subcategory": "Running Shoes",
          "quantity": 5,
          "status": "Shipped",
          "orderdescription": "Arriving by Wednesday, 23 July "
        },
        {
          "productId": "003",
          "productName": "The Sprinters",
          "caption": "Lightweight running shoes",
          "description": "",
          "price": "$80",
          "discountPrice": "$60",
          "images": 
            {
              "imageSrc": "https://images.unsplash.com/photo-1463100099107-aa0980c362e6?ixlib=rb-1.2.1&ixid=MnwxMjA3fDB8MHxzZWFyY2h8MjB8fHNob2VzfGVufDB8fDB8fA%3D%3D&auto=format&fit=crop&w=500&q=60",
              "imageAltText": ""
            }
          ,
          "status": "Delivered",
          "orderdescription": "On Sun, June 4",
          "category": "Shoes",
          "subcategory": "Running Shoes",
          "quantity": 2
        },
        {
          "productId": "004",
          "productName": "The Sprinters",
          "caption": "Lightweight running shoes",
          "description": "",
          "price": "$80",
          "discountPrice": "$60",
          "images": 
            {
              "imageSrc": "https://images.unsplash.com/photo-1463100099107-aa0980c362e6?ixlib=rb-1.2.1&ixid=MnwxMjA3fDB8MHxzZWFyY2h8MjB8fHNob2VzfGVufDB8fDB8fA%3D%3D&auto=format&fit=crop&w=500&q=60",
              "imageAltText": ""
            }
          ,
          "status": "Delivered",
          "orderdescription": "On Sun, June 4",
          "category": "Shoes",
          "subcategory": "Running Shoes",
          "quantity": 2
        }
      ]
    }
  }
  