{
    "offerBanner": {
        "text": "You can enjoy additional 5% discount on your order!",
        "buttonText": "Become a Premium member"
    },
    "wishlistItems": {
        "title": "Your Wishlist",
        "items": [
                    {
                        "productId": "001",
                        "productName": "The Sprinters",
                        "caption": "Lightweight running shoes",
                        "description": "",
                        "badge": "Sale!",
                        "averageRating": "4.5",
                        "totalRatings": "753",
                        "price": "$80",
                        "discountPrice": "$60",
                        "images": [
                            {
                                "imageSrc": "https://images.unsplash.com/photo-1463100099107-aa0980c362e6?ixlib=rb-1.2.1&ixid=MnwxMjA3fDB8MHxzZWFyY2h8MjB8fHNob2VzfGVufDB8fDB8fA%3D%3D&auto=format&fit=crop&w=500&q=60",
                                "imageAltText": ""
                            }
                        ],
                        "offers": "",
                        "available": true,
                        "category": "Shoes",
                        "subcategory": "Running Shoes",
                        "keywords": [
                            "lightweight",
                            "white",
                            "light",
                            "running",
                            "jogging",
                            "shoes"
                        ],
                        "classification": {
                            "color": "grey",
                            "gender": "men"
                        },
                        "reviews": [
                            {
                                "user-id": "",
                                "user-name": "",
                                "rating": "",
                                "comment": "",
                                "replies": [
                                    {
                                        "user-id": "",
                                        "user-name": "",
                                        "comment": ""
                                    }
                                ]
                            }
                        ]
                    },
                    {
                        "productId": "001",
                        "productName": "The Sprinters",
                        "caption": "Lightweight running shoes",
                        "description": "",
                        "badge": "Today's Deal!",
                        "averageRating": "4.5",
                        "totalRatings": "753",
                        "price": "$80",
                        "discountPrice": "$60",
                        "images": [
                            {
                                "imageSrc": "https://images.unsplash.com/photo-1463100099107-aa0980c362e6?ixlib=rb-1.2.1&ixid=MnwxMjA3fDB8MHxzZWFyY2h8MjB8fHNob2VzfGVufDB8fDB8fA%3D%3D&auto=format&fit=crop&w=500&q=60",
                                "imageAltText": ""
                            }
                        ],
                        "offers": "",
                        "available": true,
                        "category": "Shoes",
                        "subcategory": "Running Shoes",
                        "keywords": [
                            "lightweight",
                            "white",
                            "light",
                            "running",
                            "jogging",
                            "shoes"
                        ],
                        "classification": {
                            "color": "grey",
                            "gender": "men"
                        },
                        "reviews": [
                            {
                                "user-id": "",
                                "user-name": "",
                                "rating": "",
                                "comment": "",
                                "replies": [
                                    {
                                        "user-id": "",
                                        "user-name": "",
                                        "comment": ""
                                    }
                                ]
                            }
                        ]
                    },
                    {
                        "productId": "001",
                        "productName": "The Sprinters",
                        "caption": "Lightweight running shoes",
                        "description": "",
                        "badge": "Sale!",
                        "averageRating": "4.5",
                        "totalRatings": "753",
                        "price": "$80",
                        "discountPrice": "$60",
                        "images": [
                            {
                                "imageSrc": "https://images.unsplash.com/photo-1463100099107-aa0980c362e6?ixlib=rb-1.2.1&ixid=MnwxMjA3fDB8MHxzZWFyY2h8MjB8fHNob2VzfGVufDB8fDB8fA%3D%3D&auto=format&fit=crop&w=500&q=60",
                                "imageAltText": ""
                            }
                        ],
                        "offers": "",
                        "available": true,
                        "category": "Shoes",
                        "subcategory": "Running Shoes",
                        "keywords": [
                            "lightweight",
                            "white",
                            "light",
                            "running",
                            "jogging",
                            "shoes"
                        ],
                        "classification": {
                            "color": "grey",
                            "gender": "men"
                        },
                        "reviews": [
                            {
                                "user-id": "",
                                "user-name": "",
                                "rating": "",
                                "comment": "",
                                "replies": [
                                    {
                                        "user-id": "",
                                        "user-name": "",
                                        "comment": ""
                                    }
                                ]
                            }
                        ]
                    },
                    {
                        "productId": "001",
                        "productName": "The Sprinters",
                        "caption": "Lightweight running shoes",
                        "description": "",
                        "badge": "Sale!",
                        "averageRating": "4.5",
                        "totalRatings": "753",
                        "price": "$80",
                        "discountPrice": "$60",
                        "images": [
                            {
                                "imageSrc": "https://images.unsplash.com/photo-1463100099107-aa0980c362e6?ixlib=rb-1.2.1&ixid=MnwxMjA3fDB8MHxzZWFyY2h8MjB8fHNob2VzfGVufDB8fDB8fA%3D%3D&auto=format&fit=crop&w=500&q=60",
                                "imageAltText": ""
                            }
                        ],
                        "offers": "",
                        "available": true,
                        "category": "Shoes",
                        "subcategory": "Running Shoes",
                        "keywords": [
                            "lightweight",
                            "white",
                            "light",
                            "running",
                            "jogging",
                            "shoes"
                        ],
                        "classification": {
                            "color": "grey",
                            "gender": "men"
                        },
                        "reviews": [
                            {
                                "user-id": "",
                                "user-name": "",
                                "rating": "",
                                "comment": "",
                                "replies": [
                                    {
                                        "user-id": "",
                                        "user-name": "",
                                        "comment": ""
                                    }
                                ]
                            }
                        ]
                    },
                    {
                        "productId": "001",
                        "productName": "The Sprinters",
                        "caption": "Lightweight running shoes",
                        "description": "",
                        "badge": "Sale!",
                        "averageRating": "4.5",
                        "totalRatings": "753",
                        "price": "$80",
                        "discountPrice": "$60",
                        "images": [
                            {
                                "imageSrc": "https://images.unsplash.com/photo-1463100099107-aa0980c362e6?ixlib=rb-1.2.1&ixid=MnwxMjA3fDB8MHxzZWFyY2h8MjB8fHNob2VzfGVufDB8fDB8fA%3D%3D&auto=format&fit=crop&w=500&q=60",
                                "imageAltText": ""
                            }
                        ],
                        "offers": "",
                        "available": true,
                        "category": "Shoes",
                        "subcategory": "Running Shoes",
                        "keywords": [
                            "lightweight",
                            "white",
                            "light",
                            "running",
                            "jogging",
                            "shoes"
                        ],
                        "classification": {
                            "color": "grey",
                            "gender": "men"
                        },
                        "reviews": [
                            {
                                "user-id": "",
                                "user-name": "",
                                "rating": "",
                                "comment": "",
                                "replies": [
                                    {
                                        "user-id": "",
                                        "user-name": "",
                                        "comment": ""
                                    }
                                ]
                            }
                        ]
                    },
                    {
                        "productId": "001",
                        "productName": "The Sprinters",
                        "caption": "Lightweight running shoes",
                        "description": "",
                        "badge": "Sale!",
                        "averageRating": "4.5",
                        "totalRatings": "753",
                        "price": "$80",
                        "discountPrice": "$60",
                        "images": [
                            {
                                "imageSrc": "https://images.unsplash.com/photo-1463100099107-aa0980c362e6?ixlib=rb-1.2.1&ixid=MnwxMjA3fDB8MHxzZWFyY2h8MjB8fHNob2VzfGVufDB8fDB8fA%3D%3D&auto=format&fit=crop&w=500&q=60",
                                "imageAltText": ""
                            }
                        ],
                        "offers": "",
                        "available": true,
                        "category": "Shoes",
                        "subcategory": "Running Shoes",
                        "keywords": [
                            "lightweight",
                            "white",
                            "light",
                            "running",
                            "jogging",
                            "shoes"
                        ],
                        "classification": {
                            "color": "grey",
                            "gender": "men"
                        },
                        "reviews": [
                            {
                                "user-id": "",
                                "user-name": "",
                                "rating": "",
                                "comment": "",
                                "replies": [
                                    {
                                        "user-id": "",
                                        "user-name": "",
                                        "comment": ""
                                    }
                                ]
                            }
                        ]
                    },
                    {
                        "productId": "001",
                        "productName": "The Sprinters",
                        "caption": "Lightweight running shoes",
                        "description": "",
                        "badge": "Sale!",
                        "averageRating": "4.5",
                        "totalRatings": "753",
                        "price": "$80",
                        "discountPrice": "$60",
                        "images": [
                            {
                                "imageSrc": "https://images.unsplash.com/photo-1463100099107-aa0980c362e6?ixlib=rb-1.2.1&ixid=MnwxMjA3fDB8MHxzZWFyY2h8MjB8fHNob2VzfGVufDB8fDB8fA%3D%3D&auto=format&fit=crop&w=500&q=60",
                                "imageAltText": ""
                            }
                        ],
                        "offers": "",
                        "available": true,
                        "category": "Shoes",
                        "subcategory": "Running Shoes",
                        "keywords": [
                            "lightweight",
                            "white",
                            "light",
                            "running",
                            "jogging",
                            "shoes"
                        ],
                        "classification": {
                            "color": "grey",
                            "gender": "men"
                        },
                        "reviews": [
                            {
                                "user-id": "",
                                "user-name": "",
                                "rating": "",
                                "comment": "",
                                "replies": [
                                    {
                                        "user-id": "",
                                        "user-name": "",
                                        "comment": ""
                                    }
                                ]
                            }
                        ]
                    },
                    {
                        "productId": "001",
                        "productName": "The Sprinters",
                        "caption": "Lightweight running shoes",
                        "description": "",
                        "badge": "Sale!",
                        "averageRating": "4.5",
                        "totalRatings": "753",
                        "price": "$80",
                        "discountPrice": "$60",
                        "images": [
                            {
                                "imageSrc": "https://images.unsplash.com/photo-1463100099107-aa0980c362e6?ixlib=rb-1.2.1&ixid=MnwxMjA3fDB8MHxzZWFyY2h8MjB8fHNob2VzfGVufDB8fDB8fA%3D%3D&auto=format&fit=crop&w=500&q=60",
                                "imageAltText": ""
                            }
                        ],
                        "offers": "",
                        "available": true,
                        "category": "Shoes",
                        "subcategory": "Running Shoes",
                        "keywords": [
                            "lightweight",
                            "white",
                            "light",
                            "running",
                            "jogging",
                            "shoes"
                        ],
                        "classification": {
                            "color": "grey",
                            "gender": "men"
                        },
                        "reviews": [
                            {
                                "user-id": "",
                                "user-name": "",
                                "rating": "",
                                "comment": "",
                                "replies": [
                                    {
                                        "user-id": "",
                                        "user-name": "",
                                        "comment": ""
                                    }
                                ]
                            }
                        ]
                    },
                    {
                        "productId": "001",
                        "productName": "The Sprinters",
                        "caption": "Lightweight running shoes",
                        "description": "",
                        "badge": "Sale!",
                        "averageRating": "4.5",
                        "totalRatings": "753",
                        "price": "$80",
                        "discountPrice": "$60",
                        "images": [
                            {
                                "imageSrc": "https://images.unsplash.com/photo-1463100099107-aa0980c362e6?ixlib=rb-1.2.1&ixid=MnwxMjA3fDB8MHxzZWFyY2h8MjB8fHNob2VzfGVufDB8fDB8fA%3D%3D&auto=format&fit=crop&w=500&q=60",
                                "imageAltText": ""
                            }
                        ],
                        "offers": "",
                        "available": true,
                        "category": "Shoes",
                        "subcategory": "Running Shoes",
                        "keywords": [
                            "lightweight",
                            "white",
                            "light",
                            "running",
                            "jogging",
                            "shoes"
                        ],
                        "classification": {
                            "color": "grey",
                            "gender": "men"
                        },
                        "reviews": [
                            {
                                "user-id": "",
                                "user-name": "",
                                "rating": "",
                                "comment": "",
                                "replies": [
                                    {
                                        "user-id": "",
                                        "user-name": "",
                                        "comment": ""
                                    }
                                ]
                            }
                        ]
                    }
                ]
    },
    "wishlistProduct":  {
        "title": "Inspired By Your Wishlist",
        "description": "Lorem ipsum dolor sit amet, consectetur adipisicing elit, sed do eiusmod.",
        "buttonText": "View All",
        "sectionType": "grid",
        "cardShape": "square",
        "cardSize": "medium",
        "cardType": "product",
        "cards": [
            {
                "productId": "001",
                "productName": "The Sprinters",
                "caption": "Lightweight running shoes",
                "description": "",
                "badge": "Sale!",
                "averageRating": "4.5",
                "totalRatings": "753",
                "price": "$80",
                "discountPrice": "$60",
                "images": [
                    {
                        "imageSrc": "https://images.unsplash.com/photo-1463100099107-aa0980c362e6?ixlib=rb-1.2.1&ixid=MnwxMjA3fDB8MHxzZWFyY2h8MjB8fHNob2VzfGVufDB8fDB8fA%3D%3D&auto=format&fit=crop&w=500&q=60",
                        "imageAltText": ""
                    }
                ],
                "offers": "",
                "available": true,
                "category": "Shoes",
                "subcategory": "Running Shoes",
                "keywords": [
                    "lightweight",
                    "white",
                    "light",
                    "running",
                    "jogging",
                    "shoes"
                ],
                "classification": {
                    "color": "grey",
                    "gender": "men"
                },
                "reviews": [
                    {
                        "user-id": "",
                        "user-name": "",
                        "rating": "",
                        "comment": "",
                        "replies": [
                            {
                                "user-id": "",
                                "user-name": "",
                                "comment": ""
                            }
                        ]
                    }
                ]
            },
            {
                "productId": "001",
                "productName": "The Sprinters",
                "caption": "Lightweight running shoes",
                "description": "",
                "badge": "Today's Deal!",
                "averageRating": "4.5",
                "totalRatings": "753",
                "price": "$80",
                "discountPrice": "$60",
                "images": [
                    {
                        "imageSrc": "https://images.unsplash.com/photo-1463100099107-aa0980c362e6?ixlib=rb-1.2.1&ixid=MnwxMjA3fDB8MHxzZWFyY2h8MjB8fHNob2VzfGVufDB8fDB8fA%3D%3D&auto=format&fit=crop&w=500&q=60",
                        "imageAltText": ""
                    }
                ],
                "offers": "",
                "available": true,
                "category": "Shoes",
                "subcategory": "Running Shoes",
                "keywords": [
                    "lightweight",
                    "white",
                    "light",
                    "running",
                    "jogging",
                    "shoes"
                ],
                "classification": {
                    "color": "grey",
                    "gender": "men"
                },
                "reviews": [
                    {
                        "user-id": "",
                        "user-name": "",
                        "rating": "",
                        "comment": "",
                        "replies": [
                            {
                                "user-id": "",
                                "user-name": "",
                                "comment": ""
                            }
                        ]
                    }
                ]
            },
            {
                "productId": "001",
                "productName": "The Sprinters",
                "caption": "Lightweight running shoes",
                "description": "",
                "badge": "Sale!",
                "averageRating": "4.5",
                "totalRatings": "753",
                "price": "$80",
                "discountPrice": "$60",
                "images": [
                    {
                        "imageSrc": "https://images.unsplash.com/photo-1463100099107-aa0980c362e6?ixlib=rb-1.2.1&ixid=MnwxMjA3fDB8MHxzZWFyY2h8MjB8fHNob2VzfGVufDB8fDB8fA%3D%3D&auto=format&fit=crop&w=500&q=60",
                        "imageAltText": ""
                    }
                ],
                "offers": "",
                "available": true,
                "category": "Shoes",
                "subcategory": "Running Shoes",
                "keywords": [
                    "lightweight",
                    "white",
                    "light",
                    "running",
                    "jogging",
                    "shoes"
                ],
                "classification": {
                    "color": "grey",
                    "gender": "men"
                },
                "reviews": [
                    {
                        "user-id": "",
                        "user-name": "",
                        "rating": "",
                        "comment": "",
                        "replies": [
                            {
                                "user-id": "",
                                "user-name": "",
                                "comment": ""
                            }
                        ]
                    }
                ]
            }
        ]
    }
}